<?xml version="1.0" encoding="utf-8"?>
<Module>
	<Name value = "BattanianTroopTree"/>
	<Id value = "BattanianTroopTree"/>
	<Version value = "e1.0.0"/>
	<SingleplayerModule value="true"/>
	<MultiplayerModule value="false"/>
	<DependedModules>
         <DependedModule Id="Native"/>
         <DependedModule Id="SandBoxCore"/>
         <DependedModule Id="Sandbox"/>
         <DependedModule Id="CustomBattle"/>
         <DependedModule Id="StoryMode" />
	</DependedModules>
     <SubModules>
     </SubModules>
    <Xmls>
		<XmlNode>                
			<XmlName id="NPCCharacters" path="spnpccharacters"/>
			<IncludedGameTypes>
				<GameType value = "Campaign"/>
				<GameType value = "CampaignStoryMode"/>
				<GameType value = "CustomGame"/>
			</IncludedGameTypes>
		</XmlNode>  
    </Xmls>
 </Module>